Author,Title,"Read? (y=yes, n=not going to, g=gave up)",Category,Read more by author?,I'm in it,Signed or Collectible,Comment
A.G. Riddle,"The Atlantis Gene: A Thriller (The Origin Mystery, Book 1)",,,,,,
A.G. Riddle,"The Atlantis Plague: A Thriller (The Origin Mystery, Book 2)",,,,,,
A.G. Riddle,"The Atlantis World (The Origin Mystery, Book 3)",,,,,,
AA Groppelli and Ehsan Nikbakht,Finance (Barron's Business Review Series),y,,,,,
Aaron Goldman,Everything I Learned About Marketing I Learned from Google,,,,,,
Aaron Ximm,Pat the Zombie,y,,,,,
Adam Cohen,American Pharoah,y,,,,,
Adam Toren,Kidpreneurs,,,,,,
Adrian Desmond & James Moore,Darwin,y,biography,,,,
Al Franken,Lies and the Lying Liars Who Tell Them: A Fair and Balanced Look at the Right,y,,,,,
Al Franken,Rush Limbaugh Is a Big Fat Idiot,y,,,,,
Al Pittampalli,Read this before our next meeting,,,,,,
Al Ries,22 Immutable Laws of Branding (1998) (2002),y,branding,,,,
Al Ries,Bottom-up Marketing (1988),,,,,,
Al Ries,Focus,y,branding,,,,
Al Ries,Horse Sense (1991),,,,,,
Al Ries,Marketing Warfare (1985)(2005),,,,,,
Al Ries,Positioning: The Battle for Your Mind (1980) (2000),y,branding,,,,
Al Ries,The 22 Immutable Laws of Marketing (1993),y,,,,,
Al Ries,The Fall of Advertising and the Rise of PR (2002),y,wom,,,,
Al Ries,The Origin of Brands,,,,,,
Al Ries,The Origin of Brands (2004),,,,,,
Alastair Reynolds,Absolution Gap,y,,x,,,
Alastair Reynolds,Blue Remembered Earth,y,,,,,
Alastair Reynolds,Century Rain,y,,,,,
Alastair Reynolds,Chasm City,y,,,,,
Alastair Reynolds,"Diamond Dogs, Tuquoise Days",y,,,,,
Alastair Reynolds,Galactic North,y,,,,,
Alastair Reynolds,House of Suns,y,,,,,
Alastair Reynolds,On the Steel Breeze,y,,,,,
Alastair Reynolds,Pushing Ice,y,,,,,
Alastair Reynolds,Redemption Ark,y,,,,,
Alastair Reynolds,Revalation Space,y,,,,,
Alastair Reynolds,Terminal World,y,,,,,
Alastair Reynolds,The Prefect,y,,,,,
Albert-Laszlo Barabasi,Linked,y,wom,,,,
Aldous Huxley,Brave New World,y,,,,,
Alec MacKenzie,The Time Trap,y,productivity,,,,
Alex Kotlowitz,Never a City So Real,y,,,,,
Alex Lightman,The Diagnosis,y,,,,,
Alexander Kjerulf,Happy Hour is 9 to 5,,,,,,
Alfred Bester,The Stars My Destination,y,,x,,,
Alicia Swasy,Soap Opera: The Inside Story of Procter & Gamble,y,,,,,
Alina Wheeler,Designing Brand Identity,y,,,y,,
All Reis,The 22 Immutable Laws of Marketing: Exposed and Explained by..,,,,,,
Alvin Toffler,Future Shock,y,,,,,
Amy Jones,Twice as Much in Half the Time,,,,,,
Emerson Spartz,Give Me Hope,,,,,,
Amy Stewart,The Last Bookstore In America,,,,,,
Andersen Prunty,Fuckness,,,,,,
Andrew Clements,Frindle,,,,,,
Andrew Grove,Swimming Across,n,,,,,
Andrew Hurley,"Diners, Bowling Alleys and Trailer Parks",n,,,,,
Andrew Keen,The Cult of the Amateur,,,,,,
Andrew S. Grove,High Output Management,,,,,,
Andrew Winston,Looped,y,,,,,
Andy Beal,Radically Transparent,,,,,,
Andy Nulman,How to do the Impossible,,,,,,
Andy Nulman,I Almost Killed George Burns,y,,,,,
Andy Nulman,Pow! Right Between the Eyes,y,,,,,
Andy Sernovitz,Word of Mouth Marketing,y,wom,,,,
Andy Steggles,Social Networking for Non-Profits,y,,,,,
Andy Weir,The Martian: A Novel,,,,,,
Andy Wibbels,Blogwild,y,,,,,
Anese Cavanaugh,"Contagious Culture: Show Up, Set the Tone, and Intentionally..",,,,,,
Angela Connor,18 Rules of Community Engagement,y,community,,,,
Ann Lecke,Ancillary Justice,x,,,,,
Ann Lecke,Ancillary Sword,x,,,,,
Ann Leckie,Ancillary Mercy (Imperial Radch),,,,,,
Ann Leckie,Ancillary Sword (Imperial Radch Book 2),,,,,,
Anna Olswanger,The Olswanger Journal,,,,,,
Annette Lucksinger,Exploring Austin With Kids,,,,,,
Anthony Burgess,A Clockwork Orange,y,,,,,
Anthony Mancuso,The Corporate Minutes Book,n,,,,,
Anthony Robbins,Awaken the Giant Within,,,,,,
Antoine de Saint-Exupéry,The Little Prince,y,,,,,
Arbinger Institue,The Anatomy of Peace,,,,,,
Ari Weinzweig,Zingerman's Guide to Better Bacon,,,,,,
Arthur C. Clarke,Childhood'd End,y,,,,,
Arthur C. Clarke,Greetings Carbon-Based Bipeds,n,,,,,
Arthur C. Clarke,Rendezvous with Rama,,,,,,
Ashlee Vance,"Elon Musk: Tesla, SpaceX, and the Quest for a Fantastic..",,,,,,
Audrey Niffenegger,Time Travellers Wife,y,,,,,
Augusten Burroughs,Running with Scissors,y,,,,,
Augusten Burroughs,Sellevision: A Novel,,,,,,
Austin Kleon,Steal Like an Artist: 10 Things Nobody Told You About Being Creative,,,,,,
Ayn Rand,Anthem ,y,,,,,
Ayn Rand,Atlas Shrugged,y,,,,,
Ayn Rand,Fountainhead,y,,,,,
B.J. Emerson,The Tasti D-Lite Way,,,,,,
B.J. Novak,One More Thing: Stories,g,,,,,
Barbara Ehrenreich,Nickel and Dimed: On (Not) Getting By in America,y,,,,,
Barry Moltz,Bounce,y,,,,,
"Bea Fields, Scott Wilder, Jim Bunch, and Rob Newbold",Y: Millennial Leaders,n,,,,,
Becky Chambers,"The Long Way to a Small, Angry Planet (Wayfarers)",,,,,,
Ben Bova,The Silent War,y,,,,,
Ben Horowitz,The Hard Thing About Hard Things: Building a Business When..,y,,,,,
Ben Lieberman,The Carnage Account,g,,,,,
Ben McConnell & Jackie Huba,Citizen Marketers,,,,,,
Ben McConnell & Jackie Huba,Creating Customer Evangelists,y,wom,,,,
Ben McConnell and Jack Huba,Testify,y,,,,,
Ben Mezrich,Bringing Down the House: The Inside Story of Six M.I.T...,,,,,,
Benrik ,This Book Will Change Your Life,,,,,,
Bernadette Jiwa,The Fortune Cookie Principle,,,,,,
Bernd Schmitt,Experiential Marketing,,,,,,
Bernd Schmitt,Happy Customers Everywhere,,,,,,
Bernie Sanders,Outsider in the White House,,,,,,
Bertrand Cesvet,Conversational Capital,,,,,,
Bertrice Small,"Love, Remember Me",y,,,,,
Beta Theta Pi,Son of the Stars,y,,,,x,
Bill Capodagli,"The Disney Way, Revised Edition: Harnessing the Management..",,,,,,
Bill Jensen,The Simplicity Survival Handbook,,,,,,
Bill Schley,The Microscript Rules,,,,,,
Bill Schley,Why Johnny Can't Brand,y,branding,,,,
Billy Collins,Sailing Alone Around the Room,,,,,,
Billy Lee Brammer,The Gay Place,y,,,,,
Blake Butler,Scorch Atlas,,,,,,
Bo Burlingham,Small Giants: Companies That Choose to Be Great Instead of Big,y,entrepreneurship,,,,
Bob Borzotta,Neighbors From Hell: Managing Today's Brand of Conflict..,,,,,,
Bob Burg,It's not about you,,,,,,
Bob Burg,The Go-Giver,,,,,,
Bob Garfield,And Now a Few Words from Me,y,business humor,,,,
Bob Garfield,Bedfellows,y,,,,,
Bob Garfield,The Chaos Scenario,,,,,,
Bob Garfield and Doug Levy,Can't Buy Me Like,y,,,,,
Bob Pearson,Pre-Commerce,,,,,,
Bob Pearson,Storytizing,,,,,,
Bob Stone & Ron Jacobs,Successful Direct Marketing Methods,,,,,,
Borat Sagdiyev,BORAT: Touristic Guidings to Minor Nation of U.S. and A. and Touristic Guidings to Glorious Nation of Kazakhstan…,y,,,,,
Bottom Line Personal,The Book of Inside Information,n,,,,,
Brad Meltzer,The Book of Fate,y,,,,,
Brad Meltzer,The Book of Lies,y,,,,,
Brad Meltzer,The Zero Game,y,,,,,
Brad Smart,"Topgrading, 3rd Edition: The Proven Hiring and Promoting.",,,,,,
Brad Smart,"Topgrading, 3rd Edition: The Proven Hiring and Promoting..",,,,,,
Brad Stone,The Everything Store: Jeff Bezos and the Age of Amazon,y,,,,,
Bradford Smart,The Smart Interviewer,y,hr,,,,
Bradford Smart,Topgrading for Sales,,,,,,
Brandilyn Collins,Violet Dawn,y,,,,,
Brene Brown,The Gifts of Imperfection: Let Go of Who You Think You're..,,,,,,
Brian Doherty,This is Burning Man,y,,,,,
Brian Halligan,Inbound Marketing,,,,,,
Brian Herbert and Kevin Anderson,Dune: The Battle of Corrin,y,,,,,
Brian Herbert and Kevin Anderson,Dune: The Machine Crusade,y,,,,,
Brian Krebs,Spam Nation,x,,,,,
Brian McWilliams,Spam Kings,,,,,,
Brian Reich ,Media Rules,n,,,,,
Brian Solis,What's the Future of Business,n,,,,,
Brian Solis,Engage,,,,,,
Brian Souza,Weekly Coaching Conversation (New Edition): A Business Fable..,,,,,,
Brian Wansink,Mindless Eating,y,food,,,,
Bruce Sterling,Schismatrix Plus,,,,,,
Bruce Sterling (ed),Mirrorshades: The Cyberpunk Anthology,y,,,,,
Bryan Burroughs,Barbarians at the Gate,y,business biography,,,,
Bryan Burroughs,The Big Rich,y,,,,,
Bryan Burroughs,Vendetta,y,,,,,
"Bryan Eisenberg, Jeffrey Eiseberg",Call To Action,,,,,,
"Bryan Eisenberg, Jeffrey Eiseberg",Persuasive Online Copywriting,,,,,,
"Bryan Eisenberg, Jeffrey Eiseberg",Waiting for Your Cat To Bark,,,,,,
Bud Bilanich,Four Secrets of High-Performing Organizations,,,,,,
Byron Reese,Infine Progress,,,,,,
C.J. Cherryh,"Alternate Realtities: Port Eternity, Wave Without Shore, Voyager in Night",y,,,,,
C.J. Cherryh,Brothers of Earth,y,,,,,
C.J. Cherryh,Chanur's Homecoming,y,,,,,
C.J. Cherryh,Chanur's Legacy,y,,,,,
C.J. Cherryh,Chanur's Venture ,y,,,,,
C.J. Cherryh,Collected Short Fiction,y,,,,,
C.J. Cherryh,Cyteen,y,,,,,
C.J. Cherryh,Downbelow Station,y,,,,,
C.J. Cherryh,Finity's End,y,,,,,
C.J. Cherryh,Fires of Azeroth,y,,,,,
C.J. Cherryh,Foreigner,y,,,,,
C.J. Cherryh,Foreigner: Conspirator,,,,,,
C.J. Cherryh,Foreigner: Deceiver,,,,,,
C.J. Cherryh,Foreigner: Defender,,,,,,
C.J. Cherryh,Foreigner: Deliverer,,,,,,
C.J. Cherryh,Foreigner: Destroyer,,,,,,
C.J. Cherryh,Foreigner: Explorer,,,,,,
C.J. Cherryh,Foreigner: Inheritor,y,,,,,
C.J. Cherryh,Foreigner: Intruder,,,,,,
C.J. Cherryh,Foreigner: Invader,y,,,,,
C.J. Cherryh,Foreigner: Precursor,,,,,,
C.J. Cherryh,Foreigner: Pretender,,,,,,
C.J. Cherryh,Forge of Heaven,y ,,,,,
C.J. Cherryh,Fortress in the Eye of Time,y,,,,,
C.J. Cherryh,Fortress of Dragons,,,,,,
C.J. Cherryh,Fortress of Eagles,y,,,,,
C.J. Cherryh,Fortress of Ice,,,,,,
C.J. Cherryh,Fortress of Owls,y,,,,,
C.J. Cherryh,Forty Thousand in Gehenna,y,,,,,
C.J. Cherryh,Gate of Ivrel,y,,,,,
C.J. Cherryh,Hammerfall,y ,,,,,
C.J. Cherryh,Heavy Time,y,,,,,
C.J. Cherryh,Hellburner,y,,,,,
C.J. Cherryh,Hunter of Worlds,y,,,,,
C.J. Cherryh,Merchanter's Luck,y,,,,,
C.J. Cherryh,Pride of Chanur,y,,,,,
C.J. Cherryh,Regenesis,y,,,,,
C.J. Cherryh,Rimrunners,y,,,,,
C.J. Cherryh,The Deep Beyond: Cuckoo's Egg and Serpent's Reach,y,,,,,
C.J. Cherryh,The Faded Sun: Kesrith,y,,,,,
C.J. Cherryh,The Faded Sun: Kutath,y,,,,,
C.J. Cherryh,The Faded Sun: Shon'Jir,y,,,,,
C.J. Cherryh,The Kif Strike Back,y,,,,,
C.J. Cherryh,The Pride of Chanur,y,,,,,
C.J. Cherryh,Tripoint,y,,,,,
C.J. Cherryh,Well of Shiuan,y,,,,,
C.S. Lewis,"The Lion, The Witch, and the Wardrobe",y,,,,,
Caleb Carr,The Alienist,y,,,,,
Caleb Carr,The Angel of Darkness,y,,,,,
Cali Ressler and Jody Thompson,Why Managing Sucks and How to Fix It,,,,,,
Cali Ressler and Jody Thompson,Why Work Sucks and How to Fix It,y,corporate culture,,,,
Carl Hiaasen,A Death in China,,,,,,
Carl Hiaasen,Bad Monkey,y,,,,,
Carl Hiaasen,Basket Case,y,,y,,,
Carl Hiaasen,Chomp,y,,,,,
Carl Hiaasen,Double Whammy,y,,,,,
Carl Hiaasen,Flush (young adult novel),y,,,,,
Carl Hiaasen,Hoot (young adult novel),y,,,,,
Carl Hiaasen,Lucky You,y,,,,,
Carl Hiaasen,Native Tongue,y,,,,,
Carl Hiaasen,Nature Girl,y,,,,,
Carl Hiaasen,Scat (young adult novel),,,,,,
Carl Hiaasen,Sick Puppy,y,,,,,
Carl Hiaasen,Skin Tight,y,,,,,
Carl Hiaasen,Skinny Dip,y,,,,,
Carl Hiaasen,Star Island,y,,,,,
Carl Hiaasen,Stormy Weather,y,,,,,
Carl Hiaasen,Strip Tease,y,,,,,
Carl Hiaasen,Tourist Season,y,,,,,
Carl Hiaasen,Trap Line,,,,,,
Carl Hiassen,Star Island,y,,,,,
Cecily von Ziegesar,Gossip Girl,y,,,,,
Charlene Li & Josh Bernoff,Groundswell,y ,social media,,,,
Charlene Li & Josh Bernoff,Marketing in the Groundswell,,,,,,
Charles Bukowski,Ham On Rye,,,,,,
Charles Bukowski,Post Office,,,,,,
Charles Darwin,Origin of the Species,,,,,,
Charles Dickens,Great Expectations,y,,,,,
Charles Dickens,Tale of Two Cities,y,,,,,
Charles Duhigg,The Power of Habit,y,,,,,
Charles Morris,The AARP,y,,,,,
Charles Stross,Accelerando,y,,y,,,
Charles Stross,Glasshouse,y,,,,,
Charles Stross,Halting State,y,,,,,
Charles Stross,Iron Sunrise,y,,,,,
Charles Stross,Singularity Sky,y,,,,,
Charles Stross,The Jennifer Morgue,y,,,,,
Charles Wheelan,The Centrist Manifesto,,,,,,
Chin-Ning Chu,"Thick Face, Black Heart",n,,,,,
China Meiville,Railsea,y,,y,,,
China Mieville,Embassytown,y,,,,,
China Mieville,Iron Council,y,,,,,
China Mieville,King Rat,y,,,,,
China Mieville,Kraken,y,,,,,
China Mieville,Perdido Street Station,y,,,,,
China Mieville,The City & The City,y,,,,,
China Mieville,The Scar,y,,,,,
China Mieville,This Census-Taker,,,,,,
China Mieville,Three Moments of an Explosion: Stories,,,,,,
Chip Conley,Emotional Equations,y,,,,,
Chip Conley,Peak,,,,,,
Chip Heath and Dan Heath,Made to Stick,y,communications,,,,
Chip Heath and Dan Heath,Switch,y ,,,,,
Chris Anderson,Free,,,,,,
Chris Anderson,The Long Tail,y,,,,,
Chris Morace,Transform,,,,,,
Chris Moriarty,Spin Control,y,,,,,
Chris Moriarty,Spin State,y,,,,,
"Chris Resto, Ian Ybarra, and Ramit Sethi",Recruit or Die,n,,,,,
Chris Sims,Scrum: a Breathtakingly Brief and Agile Introduction,,,,,,
Chris Sims,Scrum: A Breathtakingly Brief and Agile Introductions,,,,,,
Chris Sims,The Elements of Scrum,,,,,,
Christopher Alexander,"A Pattern Language: Towns, Buildings, Construction",,,,,,
Christopher Buckley,Boomsday,y,,x,,,
Christopher Buckley,Florence of Arabia,y,,,,,
Christopher Buckley,No Way to Treat a First Lady,,,,,,
Christopher Buckley,Supreme Courtship,y,,,,,
Christopher Buckley,Thank You for Smoking: A Novel,y,business humor,,,,
Christopher Buckley,The White House Mess,y,,,,,
Christopher Buckley,"They Eat Puppies, Don't They",y,,,,,
Christopher Hibbert ,The Story of England,y,,,,,
Christopher Hitchens,God is Not Great,,,,,,
Christopher Moore,A Dirty Job,,,,,,
Christopher Moore,Island of the Sequined Love Nun,,,,,,
Christopher Moore,Lamb,y,,,,,
Christopher Moore,Secondhand Souls: A Novel,,,,,,
Christopher Nuttall,Ark Royal,y,,,,,
Christopher Nuttall,The Nelson Touch,y,,,,,
Christopher Nuttall,The Trafalgar Gambit,y,,,,,
Christopher Shevlin,The Perpetual Astonishment of Jonathon Fairfax,,,,,,
Chuck Klosterman,"Sex, Drugs, and Cocoa Puffs: A Low Culture Manifesto",g,,,,,
Chuck Martin,Digital Estate,,,,,,
Chuck Martin,Net Future,,,,,,
Chuck Runyon,Working out Sucks,,,,,,
Cixin Liu,The Three-Body Problem,,,,,,
CK Prahalad,The Fortune at the Bottom of the Pyramid,n,,,,,
Clay Shirky,Here Comes Everybody,,WOM,,,,
Cory Doctorow,Down and Out in the Magic Kingdon,y,,x,,,
Cory Doctorow,Little Brother,y,,,,,
Cory Doctorow,Makers,y,,,,,
Cory Doctorow & Charles Stross,The Rapture of the Nerds,,,,,,
Craig Boreth,How to Feel Manly In Minivan,y,,,,,
Craig Boreth,How to Iron Your Own Damn Shirt,y,,,,,
Craig Ferguson,Between the Bridge and the River,y,,,,,
Curtis Gathje,At The Plaza,n,,,,,
Cy Adler,Walking Manhattan: The Great Saunter,y,,,,,
Dale Brown,Silver Tower,y ,,,,,
Dale Brown,Strike Force,y,,,,,
Dale Carnegie,How to Win Friends and Influence People,y,communications,,,,
Dan Arielly,Predictably Irrational,y,behavioral economics,,,,
Dan Arielly,The Upside of Irrationality,n,,,,,
Dan Brown,Angels and Demons,y,,y,,,
Dan Brown,Davinci Code,y,,,,,
Dan Brown,The Lost Symbol,y,,,,,
Dan Gillmor,"We The Media: Grassroots Journalism By the People, For the People",n,,,,,
Dan Harris,The War of Art,,,,,,
Dan Lyons,Disrupted: My Misadventure in the Start-Up Bubble,,,,,,
Dan Pashman,Eat More Better,,,,,,
Dan Roam,Back of the Napkin,y,presentations,,,,
Dan Roam,Blah Blah Blah,,,,,,
Dan Schawbel,Me 2.0,,,,,,
Dan Simmons,"Hyperion (Hyperion Cantos, Book 1)",,,,,,
Dan Wald,Ad Asylum,,,,,,
Daniel Edelman,Infoquake,y,,,,,
Daniel Lyons,Options: The Secret Life of Steve Jobs,,,,,,
Daniel Nissanoff,Future Shop,n,,,,,
Daniel Pink,Adventures of Johnny Bunko,y,hr,,,x,
Daniel Pink,To Sell is Human,,,,,,
Daniel Pinkwater,The Education of Robert Nifkin,,,,,,
Daniel Price,Slick,x,,,,,
Daniel Price,The Flight of the Silvers,x,,,,,
Daniel Suarez,Daemon,y,,,,,
Daniel Suarez,Freedom,y,,,,,
Daniel Wilson,How to Survive a Robot Uprising,y,,,,,
Danny Seo,Heaven on Earth,n,,,,,
Darren Rowse,Problogger,y,,,,,
Daryl Gregory,Afterparty,,,,,,
Dave Balter,Grapevine,y,,,,,
Dave Balter,Word of Mouth Manual Vol. 2,n,,,,,
Dave Barry,Big Trouble ,y,,y,,,
Dave Barry,Dave Barry's Money Secrets,y,,,,,
Dave Barry,Insane City,y,,,,,
Dave Barry,Lunatics,y,,,,,
Dave Barry,Science Fair,,,,,,
Dave Barry,Tricky Business,y,,,,,
Dave Eggers,A Hologram for the Kind,y,,,,,
Dave Eggers,Heartbreaking Work of Staggering Genius,y,,y,,,
Dave Eggers,The Circle,y,,,,,
Dave Eggers,Where the Wild Things Are,y,,,,,
Dave Eggers,Zeitoun,y,,,,,
Dave Evans ,Social Media Marketing: An Hour a Day,,,,,,
Dave Evans ,Social Media Marketing: The Next Generation of Business Engagment,,,,,,
Dave Gray,Selling to the VP of NO,y,,,,,
Dave Kerpen,Likeable Business,,,,,,
Dave Kerpen,Likeable Social Media,,,,,,
Dave Logan,Tribal Leadership,y,corporate culture,,,,
Dave Melton,Hire the American Dream,y,management,,,,
David Allen,Getting Things Done,y,productivity,,,,
David Baldacci,The Innocent,y,,,,,
David Brin,Sundiver,y,,,,,
David Cottrell,Monday Morning Leadership,y,management,,,,
David Cottrell,Time,,,,,,
David Cottrell,Tuesday Morning Coaching,,,,,,
David E. Perry,Hiring Greatness: How to Recruit Your Dream Team and Crush..,,,,,,
David Einhorn,Fooling Some of the People All of the Time,y,business biography,,,,
David Estes,The Dwellers Saga Boxed Set,,,,,,
David Feldman,Life's Imponderables,y,,,,,
David Feldman,The World of Imponderables,y,,,,,
David J. Anderson,Kanban,,,,,,
David J.C. McKay,Sustainable Energy Without the Hot Air,,,,,,
David Lagercrantz,The Girl in the Spider's Web: A Lisbeth Salander novel,y,,,,,
David Louis Edelman,Infoquake,y,,,,,
David Marquet,Turn the Ship Around!: A True Story of Turning Followers..,,,,,,
David Meerman Scott,Marketing Lessons from the Grateful Dead,y,,,,,
David Meerman Scott,The New Rules of Marketing and PR,,,,,,
David Meerman Scott,The New Rules of Sales & Service,,,,,,
David Meerman Scott,World Wide Rave,,,,,,
David Mitchell,Cloud Atlas,y,,,,,
David Ogilvy,Ogilvy on Advertising,y,marketing,,,,
David Quammen,The Reluctant Mr. Darwin,,,,,,
David Sedaris,Dress Your Family in Corduroy & Denim,y,,y,,,
David Sedaris,Let's Explore Diabetes with Owls ,y,,,,,
David Sedaris,Me Talk Pretty One Day,y,,,,,
David Sedaris,When You Are Engulfed In Flames,y,,,,,
David Shea,The Zen of CSS Design: Visual Enlightenment for the Web,y,,,,,
David Sibbit,Visual Meetings,,,,,,
David Straker,Rapid Problem Solving with Post-it Notes,g,,,,,
David Vinjamuri,Accidental Branding,n,,,,,
David Wong,Futuristic Violence and Fancy Suits: A Novel,,,,,,
David Wong,John Dies at the End,,,,,,
David Wong,"This Book Is Full of Spiders: Seriously, Dude, Don't Touch..",,,,,,
Debra Anastasia,Fire Down Below (Gynazule Book 1),d,,,,,
Denise Wymore,Tattoos: The Ultimate Proof of a Successful Brand,y,,,,,
Dennis Danvers,The Watch,y,,,,,
Dennis Foley,The Street and San Man's Guide to Chicago Eats,n,,,,,
Dennis L Price,Unleashing the Power of eBay,n,,,,,
Dennis O'Neil ,Sales Actualization,,,,,,
Denny Hatch ,"2,239 Tested Secrets for Direct Marketing Success",,,,,,
Denny Hatch ,Method Marketing,,,,,,
Derek Coburn,Networking is not Working,,,,,,
Derek Sivers,Anything You Want,y ,,,,,
Dev Patnaik,Wired to Care,,,,,,
Don Hinchliffe,Social Business By Design,n,,,,,
Don Peppers and Martha Rogers,Return on Customer,y,customer love,,,,
Don Peppers and Martha Rogers,The One to One Fieldbook,n,,,,,
Don Peppers and Martha Rogers,The One To One Future,n,,,,,
Don Schultz,Integrated Marketing Communications,n,,,,,
Don Schultz & Heidi Schultz,IMC: The Next Generation,n,,,,,
Donald A Norman,The Invisible Computer,n,,,,,
Donny Deutsch,"Often Wrong, Never in Doubt",y,,,,,
Doug Kaye,Strategies for Web Hosting and Managed Services,y,,,,,
Doug Mowe,"Alex Jordan, Architect of His Own Dream",y,,,,,
Doug Tatum,No Man's Land: A Survival Manual for Growing Midsize Companies,y,,,,,
Douglas Adams,Dirk Gently's Holistic Detective Agency,y,,,,,
Douglas Adams,Hitchhiker's Guide to the Galaxy,y,,y,,,
Douglas Adams,"Life, The Universe, and Everything",y,,,,,
Douglas Adams,Long Dark Tea-Time of the Soul (Dirk Gently Book 2),y,,,,,
Douglas Adams,Mostly Harmless,y,,,,,
Douglas Adams,Restaurant at the End of the Universe,y,,,,,
Douglas Adams,So Long and Thansk for All The Fish,y,,,,,
Douglas Coupland,Generation X,y,,y,,,
Douglas Coupland,Jpod,y,,,,,
Douglas Coupland,Microserfs,y,,,,,
Douglas Coupland,The Gum Thief,y,,,,,
Douglas E. Richards,Quantum Lens,,,,,,
Douglas Richards,Amped,y,,,,,
Douglas Richards,WIRED,y,,y,,,
Drew Curtis,"It's Not News, It's Fark",y,,,,,
Drew McClellan,99.3 Random Acts of Marketing,y,,,,,
Duncun Watts,Six Degrees,,,,,,
E L James,"Fifty Shades of Grey (Fifty Shades, Book 1)",d,,,,,
Earl Sparling,Mystery Men of Wall Street,,,,,,Jose gave it to me.
Ed Brill,Opting In,n,,,,,
Ed Cerney,Notes from the Coach,,,,,,
Ed Keller and Jon Berry,Influentials,y,wom,,,,
Ed McBain,Fuzz,y,,,,,
Ed McBain,Heat (87th Precinct Mysteries),,,,,,
Ed McBain,The Pusher (87th Precinct Mysteries),,,,,,
Ed Park,Personal Days,y,,,,,
Ed Rendell,A Nation of Wusses,y,,,,,
Edgar Allen Poe,Complete Tales,,,,,,
Edgar Rice Burroughs,Princess of Mars,y,,,,,
Edward Pritzler,Jewish Pirates of the Carribean,,,,,,
Edward Tufte,Envisioning Information,,presentations,,,,
Edward Tufte,Visual Explanaitions,,,,,,
Edwin Abbott,Flatland,y,,,,,
Elaine Zimbel,"Bullet to the Heart, One to the Brain",,,,,,
Elmore Leonard,Be Cool,y,,y,,,
Elmore Leonard,Cuba Libre,y,,,,,
Elmore Leonard,Get Shorty,y,,,,,
Elmore Leonard,Maximum Bob,y,,,,,
Elmore Leonard,Mr. Paradise,y,,,,,
Elmore Leonard,Out of Sight,y,,,,,
Elmore Leonard,Rum Punch ,y,,,,,
Emanuel Rosen,The Anatomy of Buzz,y,,,,,
Emanuel Rosen,The Anatomy of Buzz Revisited,n,wom,,,,
Emily Pilloton,Deisgn Revolution,,,,,,
Eric Darton,Divided We Stand,,,,,,
Eric Enge,The Art of SEO,n,,,,,
Eric Homberger,The Historical Atlas of New York City,n,,,,,
Eric Meyer,Eric Meyer on CSS,y,,,,,
Eric Nylund,A Signal Shattered,y,,y,,,
Eric Nylund,Signal to Noise,y,,,,,
Eric Ries,The Lean Startup,,,,,,
Eric Sanderson,Mannahatta,,,,,,
Eric Van Lustbader,Robert Ludlum's The Bourne Legacy,y,,,,,
Eric Verzuh,The Fast Forward MBA in Project Management,,project management,,,,
Ernest Cline,Armada: A novel by the author of Ready Player One,,,,,,
Ernest Cline,Ready Player One,y,,,,,
Esther Dyson,Release 2.1,n,,,,,
Eugene Burdick and William J. Lederer,The Ugly American,y,,,,,
Everett Rogers,Diffusion of Innovations,,,,,,
F. Scott Fitzgerald,The Great Gatsby,y,,,,,
Fabio Cipriani,Social Media Strategy: How to overcome the social networking..,,,,,,
Failblog,Fail Harder,y,,,,,
Fake Steve Jobs,Options,y,business humor,,,,
Fareed Zakaria,Post-American World,n,,,,,
Farhad Manjoo,True Enough,n,,,,,
Frank Gilbreth,Cheaper by the Dozen,y,,,,,
Frank Herbert,Chapterhouse: Dune,y,,y,,,
Frank Herbert,Children of Dune,y,,,,,
Frank Herbert,Dune,y,,,,,
Frank Herbert,Dune Messiah,y,,,,,
Frank Herbert,God Emperor of Dune,y,,,,,
Frank Herbert,Hellstrom's Hive,y,,,,,
Frank Herbert,Heretics of Dune,y,,,,,
Frank Luntz,"Candidates, Consultants & Campaigns",y,,,,,
Frank Luntz,Words That Work,,,,,,
Franz Kafka,Complete Stories,y,,,,,
Frederick Reichheld,Loyalty Rules,y,,,,,
Frederick Reichheld,The Ultimate Question,y,WOM,,,,
Frederick Reichheld,The Ultimate Question 2.0,n,WOM,,,,
Frederick W Ball and Barbara B Ball,Impact Hiring,y,,,,,
Fritz Leiber,The Night of the Long Knives,y ,,,,,
G. Lynne Snead & Joyce Wycoff,"To Do, Doing, Done",,,,,,
G.E. Kidder Smith,Sourcebook of American Architecture,,,,,,
Garr Reynolds,Presentation Zen,y,presentations,,,,
Garrett Sutton,Own Your Own Corporation,n,,,,,
Gary Belsky,Why Smart People Make Big Money Mistakes,,,,,,
Gary Keller,The One Thing: The Surprisingly Simple Truth Behind..,y,,,,,
Gary Ryan Blair,Goals,,,,,,
Gary Sernovitz,Four Score and Seven Years,y,,,x,,
Gary Sernovitz,Great American Plain,y,,,,x,
Gary Sernovitz,The Contrarians,y,,,,x,
Gary Sernovitz,The Green and the Black,y,,,,,
Gary Shapiro,The Comeback,,,,,,
Gavin Heaton & Drew McClellan,Age of Conversation,,,,,,
Gavin Schmitt,Milwaukee Mafia (Images of America),,,,,,
Gavin Schmitt,The Milwaukee Mafia: Mobsters in the Heartland,,,,,,
Gene Wolfe,Book of The Long Sun,y,,y,,,
Gene Wolfe,Book of The New Sun,y,,,,,
Gene Wolfe,Book of the Short Sun,y,,,,,
Gene Wolfe,Latro in the Mist,y,,,,,
Gene Wolfe,Starwater Strains,y,,,,,
Gene Wolfe,The Sorcerers House,y,,,,,
General Stanley McChrystal,Team of Teams: New Rules of Engagement for a Complex World,,,,,,
Geoff Livingston,Exodus (The Fundamentalists Book 1),d,,,,,
Geoff Livingston,Now Is Gone,,,,,,
Geoff Livingston,Perseverance: Book Two of the Fundamentalists,d,,,,,
Geoff Smart,Power Score,,,,,,
Geoff Smart,Who,y,,,,,
Geoffrey Moore,Crossing the Chasm,y,,,,,
Geoffrey Moore,Living on the Fault Line,y,,,,,
George Carlin,When Will Jesus B,y,,,,,
George Carlin,When Will Jesus Bring the Pork Chops,y,,,,,
George Clinton,"Brothas Be, Yo Like George, Ain't That Funkin' Hard on You?",,,,,,
George Lankevich,American Metropolis: A History of New York City,y,,,,,
George R.R. Martin,A Clash of Kings: A Song of Ice and Fire: Book Two,y,,,,,
George R.R. Martin,A Dance with Dragons: A Song of Ice and Fire: Book Five,y,,,,,
George R.R. Martin,"A Feast for Crows: A Song of Ice and Fire: Book Four (Martin, George Rr)",y,,,,,
George R.R. Martin,A Game of Thrones: A Song of Ice and Fire: Book One,y,,,,,
George R.R. Martin,A Storm of Swords: A Song of Ice and Fire: Book Three,y,,,,,
George RR Martin,Game of Thrones Coloring Book,,,,,,
George S. Zimbel,Barcelona Catalog,y ,,,,,
George Silverman,Secrets of Word of Mouth Marketing,y,wom,,,,
George T Geis and George S Geis,Digital Deals,n,,,,,
George Takei,"Oh Myyy! - There Goes The Internet (Life, the Internet and..",,,,,,
Georgi Tsvetanov,Visual Finance: The One Page Visual Model to Understand..,,,,,,
Gerald Sindell,The Genius Machine,,,,,,
Gerard Wolfe,Chicago In And Around the Loop,,,,,,
Gerry McCusker,Talespin,,,,,,
Glen David Gold,Carter Beats the Devil,y,,,,,
Glen Merzer,Off the Reservation: A Novel,,,,,,
Glenn Manishin & Andy Sernovitz ,Complying with the CAN SPAM Act and Other Critical Business Issues,,,,x,,
Glenn Thrush,Obama's Last Stand,y,,,,,
Glenn Thrush,The End of the Line: Romney vs. Obama: the 34 days that decided the election,y ,,,,,
Gordon Bethune,From Worst to First,y,business biography,,,,
Greg Bear,Anvil of Stars,y,,y,,,
Greg Bear,Blood Music,y,,,,,
Greg Bear,Darwin's Radio,y,,,,,
Greg Bear,Eon,y ,,,,,
Greg Bear,Eternity,y,,,,,
Greg Bear,Forge of God,y,,,,,
Greg Bear,Legacy,y,,,,,
Greg Bear,Moving Mars,y,,,,,
Greg Bear,Star Wars: Rogue Planet,y,,,,,
Greg Bear,Vitals,y,,,,,
Greg Cohen,Agile Excellence for Project Managers,,,,,,
Greg Egan,Diaspora,d,,,,,
Greg Mckeown,Essentialism: The Disciplined Pursuit of Less,,,,,,
Greg Stielstra,Pyromarketing,y,wom,,,,
Guy Kawasaki,"APE: Author, Publisher, Entrepreneur—How to Publish a Book ",,,,,,
Guy Kawasaki,Enchantment,y,,,,,
Guy Kawasaki,How to Drive Your Competition Crazy,y,,,,,
Guy Kawasaki,Reality Check ,y,,,,,
Guy Kawasaki,Rules for Revolutionaries ,y,entrepreneurship,,,,
Guy Kawasaki,Selling the Dream ,y,wom,,,,
Guy Kawasaki,The Art of the Start ,y,,,,,
Guy Kawasaki,What the Plus,y,,,,,
"Guy Kawasaki, Brian Clark, Mitch Joel",Engagement from Scratch!,,,,,,
H.G. Lewis,On the Art of Writing Copy,,,,,,
H.G. Wells,The War of the Worlds,y,,,,,
H.P. Lovecraft,H.P. Lovecraft The Complete Collection,,,,,,
Hal Rosenbluth,The Customer Comes Second,,,,,,
Hans Peter Brondmo,The Engaged Customer,,,,,,
"Haque, Umair",Betterness: Economics for Humans (Kindle Single),,,,,,
Haruki Murakami,1Q84,y,,y,,,
Haruki Murakami,After Dark,y,,,,,
Haruki Murakami,After the Quake,,,,,,
Haruki Murakami,"Blind Willow, Sleeping Woman",,,,,,
Haruki Murakami,Colorless Tsukuru Tazaki and His Years of Pilgrimage,y,,,,,
Haruki Murakami,Dance Dance Dance,y,,,,,
Haruki Murakami,Hard-Boiled Wonderland and the End of the World,y,,,,,
Haruki Murakami,Kafka on the Shore,y,,,,,
Haruki Murakami,Norwegian Wood,y,,,,,
Haruki Murakami,"South of the Border, West of the Sun",,,,,,
Haruki Murakami,Sputnik Sweetheart,,,,,,
Haruki Murakami,The Elephant Vanishes,,,,,,
Haruki Murakami,Wild Sheep Chase,y,,,,,
Haruki Murakami,Wind-up Bird Chronicle,y,,,,,
Harvard Business Review,Giving and Receiving Feedback,,,,,,
Harvard Business Review,Managing Projects,y,project management,,,,
Harvard Business Review,On Coaching,,,,,,
Harvard Business Review,On Managing Uncertainty,,,,,,
Harvard Business Review,On Managing Yourself,,,,,,
Harvard Negotiation Project,Difficult Conversations,,,,,,
Harvey Mackay,Beware the Naked Man Who Offers You His Shirt,y,,,,,
Harvey Mackay,Dig Your Well Before You're Thirsty,y,,,,,
Harvey Mackay,Pushing The Envelope All The Way To The Top ,y,entrepreneurship,,,,
Harvey Mackay,Swim With the Sharks Without Being Eaten Alive,y,entrepreneurship,,,,
Henry Gee,Futures From Nature,y,,,,,
Henry Harbaugh,Power and Responsibility,y,,,,,
Herman Melville,Moby Dick,g,,,,,
Hermann Hesse,Siddhartha,y,,,,,
Hermann Hesse,Steppenwolfnull,y,,,,,
Herschel Lewis,Sales Letters That Sizzle,,,,,,
Herve Kabla & Yann Gourvennec,Les Media Sociaux Expliques a non Boss,,,,,,
Home Depot,Home Improvement 123,,,,,,
Howard Brodsky,The Unexpected,,,,,,
Howard Mann,Your Business Brickyard,y,entrepreneurship,,,,
Howard Schultz,Onward,y,,,,,
Howard Schultz,Pour Your Heart Into It,,,,,,
Hugh Howey,Dust (Silo Saga 3),,,y,,,
Hugh Howey,First Shift - Legacy,y,,,,,
Hugh Howey,Sand Omnibus,y,,,,,
Hugh Howey,Second Shift,y,,,,,
Hugh Howey,The Hurricane,d,,,,,
Hugh Howey,Third Shift,y ,,,,,
Hugh Howey,Wool Ominbus Edition (1-5),y,,,,,
Hugh MacLeod,Evil Plans,y,,,,,
Hugh MacLeod,Freedom is Blogging in Your Underwear,y,,,,,
Hugh MacLeod,Ignore Everybody,y,corporate culture,,,,
Iain M. Banks,Against A Dark Background,y,,,,,
Iain M. Banks,Consider Phlebas,y,,y,,,
Iain M. Banks,Excession,y,,,,,
Iain M. Banks,Feesym Endjinn,y,,,,,
Iain M. Banks,Inversions,y,,,,,
Iain M. Banks,Look to Windward,y,,,,,
Iain M. Banks,Matter,g,,,,,
Iain M. Banks,Surface Detail,y,,,,,
Iain M. Banks,The Algebraist,,,,,,
Iain M. Banks,The Hydrogen Sonata,y,,,,,
Iain M. Banks,The Player of Games,y,,,,,
Iain M. Banks,Transition (Culture),,,,,,
Iain M. Banks,Use of Weapons,y,,,,,
Ian I Mitroff,Why Some Companies Emerge Stronger and Better from a Crisis,n,,,,,
Ian MacDonald,The Dervish House,y,,,,,
Ian Tregillis,The Mechanical (The Alchemy Wars),,,,,,
Ideo,Thoughtful Acts,,,,,,
Iris Bahr,Dork Whore,y,,,,,
Isaac Asimov,Foundation,y ,,,,,
Isaac Asimov,Foundation and Earth,y ,,,,,
Isaac Asimov,Foundation and Empire,y ,,,,,
Isaac Asimov,Foundation's Edge,y ,,,,,
Isaac Asimov,Nightfall,y ,,,,,
Isaac Asimov,Nightfall,y,,,,,
Isaac Asimov,Robots and Empire,y ,,,,,
Isaac Asimov,Second Foundation,y ,,,,,
Isaac Asimov,The Caves of Steel,y ,,x,,,
Isaac Asimov,The Naked Sun,y ,,,,,
Isaac Asimov,The Robots of Dawn,y ,,,,,
Ivan Misner,Masters of Sales,,,,,,
Ivan Misner,Truth Or Delusion,,,,,,
J.B. Kerfoot,Broadway,,,,,,
J.D. Robb,"Naked in Death (In Death, Book 1)",,,,,,
J.K. Rowling,Harry Potter and the Chamber of Secrets,y,,x,,,
J.K. Rowling,Harry Potter and the Deathly Hallows,y,,,,,
J.K. Rowling,Harry Potter and the Goblet of Fire,y,,,,,
J.K. Rowling,Harry Potter and the Half-Blood Prince,y,,,,,
J.K. Rowling,Harry Potter and the Order of the Phoenix,y,,,,,
J.K. Rowling,Harry Potter and the Philosopher's Stone,y,,,,,
J.K. Rowling,Harry Potter and the Prisoner of Azkaban,y,,,,,
J.R.R. Tolkein,Lord of the Rings,y,,,,,
J.R.R. Tolkein,The Hobbit,y,,,,,
J.R.R. Tolkein,The Silmarillion,,,,,,
Jack Dougherty,Corporate America,y,,,,,
Jack Golsmith & Tim Wu,Who Controls the Internet,,,,x,,
Jack McDevitt,Infinity Beach,y,,,,,
Jack Stack,Great Game of Business,y,,,,,
Jack Trout,The New Positioning,y,,,,,
Jacqueline Novogratz,The Blue Sweater,,,,,,
James Altucher,Coose Yourself!,,,,,,
James Altucher,The Rich Employee,,,,,,
James Burke,The Pinball Effect,,,,,,
James Carville & Paul Begala,"Buck Up, Suck Up ",y,,,,,
James Clavell,King Rat,y,,x,,,
James Clavell,Noble House,y,,,,,
James Clavell,Shogun,y,,,,,
James Clavell,Tai-Pan,y,,,,,
James Grippando,When Darkness Falls,y,,,,,
James Howard Kuntsler,World Made By Hand,y,,,,,
James McWilliams,Just Food,y,pragmatic politics,,,,
James Patterson,Cross,y,,,,,
James Patterson,Swimsuit,y,,,,,
James Patterson,The Postcard Killers,,,,,,
James S.A. Corey,Abaddon's Gate,,,x,,,
James S.A. Corey,Caliban's War,y,,,,,
James S.A. Corey,Cibola Burn,y,,,,,
James S.A. Corey,Leviathan Wakes,y,,,,,
James S.A. Corey,Nemesis Games (The Expanse),,,,,,
James Surowiecki,Wisdom of Crowds,y,,,,,
Jamie Notter and Maddie Grant,Humanize: How People-Centric Organizations Succeed in a Social World,,,,,,
Jane Jacobs,The Death and Life of Great American Cities,,,,,,
Janet Boydell,You're Not The Person I Hired,n,,,,,
Janice Jorgensen,"Encyclopedia of Consumer Brands, vol 1, 2 and 3",,,,,,
Jaron Lanier,You are not a Gadget,,,,,,
Jason Alba,"I'm on Linked In, Now What",,,,,,
Jason Fried,Defensive Design for the Web,y,,,,,
Jason Fried,Getting Real,y,,,,,
Jason Fried,Rework,y,entrepreneurship,,,,
Jasper Fforde,The Eyre Affair,y,,,,,
Jay Baer,Hug Your Haters: How to Embrace Complaints and Keep Your..,,,,,,
Jay Conrad Levinson,Guerilla Marketing for Consultants,,,,,,
Jay Conrad Levinson,Guerilla Marketing on the Front Lines,,,,,,
Jay Heyman,All You Need is a Good Idea,,,,,,
Jay Mathews,"Work Hard, Be Nice",,,,,,
Jean-Marie Dru,Disruption,,,,,,
Jeannne Bliss,I love you more than my dog,y,customer love,,,,
Jeff Brooks,The Fundraiser's Guide to Irresistable Communications,,,,,,
Jeff Noon ,Vurt,y,,x,,,
Jeff Pressfield,Conferences That Work,,,,,,
Jeff Sutherland,Scrum: The Art of Doing Twice the Work in Half the Time,,,,,,
Jeff Sutherland,The Power of Scrum,,,,,,
Jeff VanderMeer,Acceptance,x,,,,,
Jeff VanderMeer,Annihilation,x,,,,,
Jeff VanderMeer,Authority,x,,,,,
Jeffrey Archer,"Not a Penny More, Not a  Penny Less",y,,,,,
Jeffrey Birnbaum,The Lobbyists,y,,,,,
Jeffrey Eisenberg,Waiting for Your Cat To Bark,,,,,,
Jeffrey Gitomer,Customer Satisfaction is Worthless: Customer Loyalty is Priceless,,,,,,
Jeffrey Gitomer,Little Book of Leadership,,,,,,
Jeffrey Gitomer,Little Red Book of Selling,y,marketing,,,,
Jeffrey Gitomer,Social Boom,,,,x,,
Jeffrey Hayzeltt,The Mirror Test,,,,,,
Jeffrey Rohrs,Audience,,,,,,
Jeffrey Zeldman,Designing with Web Standards,y,web,,,,
Jennifer Egan,A Visit from the Goon Squad,,,,,,
Jenny Lawson,Furiously Happy: A Funny Book About Horrible Things,,,,,,
Jenny Lawson,Let's Pretend This Never Happened,y,,,,,
Jeremy Blachman,Anonymous Lawyer,y,business humor,,,,
Jeremy Robert Johnson,Skullcrack City,,,,,,
Jerry Hirshberg,The Creative Priority,,,,,,
Jeswald Salacuse,Leading Leaders,y,,,,,
Jim Collins,Built to Last,y,,,,,
Jim Collins,Good to Great,y,,,,,
Jim Collins,"Great by Choice: Uncertainty, Chaos, and Luck--Why Some..",,,,,,
Jim Dethmer,The 15 Commitments of Conscious Leadership: A New Paradigm..,d,,,,,
Jim Kukral,Book Marketing For Kindle Authors,,,,,,
Jim Wallace,On God's Side,y,,,,,
Jim Whitehurst,The Open Organization,,,,,,
Jocelyn K. Glei,"Manage Your Day-to-Day: Build Your Routine, Find Your Focus,..",,,,,,
Jocko Willink,Extreme Ownership,,,,,,
Joe Haldeman,All My Sins Remembered,d,,,,,
Joe Haldeman,Forever War,y,,x,,,
Joe Haldeman,Worlds,d,,,,,
Joe Nelms,Formerly Fingerman: A Novel,,,,,,
"Joe Plummer, Steve Rappaport, Taddy Hall, and Robert Barocci",The Online Advertising Playbook,n,,,,,
Joe Schreiber,Star Wars: Death Troopers,y,,,,,
Joel Trammel,The CEO Tightrope,,,,,,
John Allen Paulos,A Mathematician Reads the Newspaper,,,,,,
John Battelle,The Search,y,,,,,
John Brockman,This Will Change Everything,,,,,,
John Brunner,Stand on Zanzibar,y,,x,,,
John Eliot,Overacheivement (cominc),,,,,,
John Grisham,A Time to Kill (1989),y,,x,,,
John Grisham,Gray Mountain: A Novel,,,,,,
John Grisham,Rogue Lawyer,,,,,,
John Grisham,The Appeal (2008),,,,,,
John Grisham,The Associate (2009),,,,,,
John Grisham,The Brethren (2000),y,,,,,
John Grisham,The Broker (2005),,,,,,
John Grisham,The Chamber (1994),y,,,,,
John Grisham,The Client (1993),y,,,,,
John Grisham,The Firm (1991),y,,,,,
John Grisham,The King of Torts (2003),y,,,,,
John Grisham,The Last Juror (2004),,,,,,
John Grisham,The Litigators,y,,,,,
John Grisham,The Partner (1997),y,,,,,
John Grisham,The Pelican Brief (1992),y,,,,,
John Grisham,The Racketeer,y ,,,,,
John Grisham,The Rainmaker (1995),y,,,,,
John Grisham,The Runaway Jury (1996),y,,,,,
John Grisham,The Street Lawyer (1998),y,,,,,
John Grisham,The Summons (2002),y,,,,,
John Grisham,The Testament (1999),y,,,,,
John Grisham,Theodore Boone: Kid Lawyer (2010),,,,,,
John Hodgman,That is All,y,,,,,
John Hodgman,The Areas of My Exerpertise,y,,,,,
John Jantsch,Duct Tape Marketing,,,,,,
John Jantsch,Referral Engine,,,,x,,
John Julius Norwich,Absolute Monarchs,y,,,,,
John Kador,The Managers Book of Questions,y,,,,,
John Kotter,Buy-In: Saving Your Good Idea from Getting Shot Dow,y,,,,,
John Le Carre,Tinker Tailor Soldier Spy,y,,,,,
John Lewellen,The Boy Scientist,,,,,x,
John M Fox,Marketing Playbook, ,,,,,
John Mackey & Raj Sisodia,Concious Capitalism,,,,,,
John Maeda,Redesigning Leadership,y,,,,,
John Maxwell,The 21 Indispensable Qualities of a Leader,d,,,,,
John Maxwell,The 21 Irrefutable Laws of Leadership,d,,,,,
John Moore,Tribal Knowledge,y,,,,,
John Scalzi,Fuzzy Nation,y,,,,,
John Scalzi,Old Man's War,y,,,,,
John Scalzi,Redshirts,g,,,,,
John Scalzi,The Android's Dram,y,,,,,
John Scalzi,The Ghost Brigades,y,,,,,
John Scalzi,The Last Colony,y,,,,,
John Scalzi,Zoe's Tale,y,,,,,
John Sladek,The Complete Roderick,g,,,,,
Johnny Shaw,Dove Season (A Jimmy Veeder Fiasco),,,,,,
Johnny Shaw,Floodgate,,,,,,
Johnny Shaw,Plaster City,y,,,y,,
Jon Gertner,The Idea Factory: Bell Labs and The Great Age of ...,y,,,,,
Jon Ronson,So You've Been Publicly Shamed,,,,,,
Jon Wuebben,Content Rich,,,,,,
Jonah Berger,Contagious: Why Things Catch On,,,,,,
Jonathan Fields,Uncertainty,,,,,,
Jonathan Franzen,Freedom,y,,,,,
Jonathan Franzen,The Corrections,y,,,,,
Jonathan Kellerman,Twisted,y,,,,,
Jonathan Safran Foer,Everything is Illuminated,y,,,,,
Jonathan Safran Foer,Extremely Loud and Incredibly Close,y,,,,,
Jonathan Salem Bakin,Branding Only Works on Cattle,,,,,,
Jordan Ayan,Aha!,y,creativity,,,,
Jordan Ayan,Practical Guide to Email Marketing,,,,,,
Joseph Heller,Catch-22,y,,,,,
Josh Bernoff,"Empowered: Unleash Your Employees, Energize Your Customers, and Transform Your Business",,,,,,
Joshua Ferris,The Unnamed,y,,y,,,
Joshua Ferris,Then We Came to the End,y,business humor,,,,
Joshua Long,Weird City,,,,,,
Joshua Long,Weird City,,,,,,
Joy Adams,Jokes for Kids,,,,,,
Jules Verne,The Mysterious Island,,,,,,
Jules Verne,Twenty Thousand Leagues under the Sea,y,,,,,
Julie Burstein,Spark,,,,,,
Julie Morganstern,Never Check Email In The Morning,,,,,,
Junot Diaz,The Brief Wondrous Life Of Oscar Wao,y,,,,,
Junot Diaz,This Is How You Lose Her,y ,,,,,
Justin Halpern,I Suck at Girls,,,,,,
Justin Halpern,Shit My Dad Says,y,,,,,
Justin Kirby & Paul Marsden,Connected Marketing,n,,,,,
Justina Robson,Natural History,y,,,,,
Karen Armstrong,The Case for God,,,,,,
Karen Russell,Sleep Donation,y,,,,,
Katherine Cramer,Change the Way You See Everything,,,,,,
Katherine Crowley and Kathi Elster,Working With You Is Killing Me,y,,,,,
Katleen Hall,Alter Your Life,,,,,,
Keith Yamashita and Sandra Spataro,"Unstuck: A Tool for Yourself, Your Team, and Your World",,creativity,,,,
"Kelly Allison, et. al.",Overcoming Night Eating Syndrome,,,,,,
Kelly Mooney,The Open Brand,,,,,,
Ken Blanchard,Leadership and the One Minute Manager Updated Ed: Increasing..,,,,,,
Ken Blanchard,One Minute Manager Builds High Performing Teams,y,,,,,
Ken Blanchard,The New One Minute Manager,,,,,,
Ken Blanchard,The One Minute Manager,y,,,,,
Ken Blanchard and Barbara Glanz,The Simple Truths of Service,y,,,,,
Ken Blanchard and Colleen Barrerr,Lead with LUV: A Different Way to Create Real Success,y,,,,,
Ken Blanchard and Mark Miller,The Secret,y,leadership,,,,
Ken Blanchard and Sheldon Bowles,Raving Fans,y,customer love,,,,
Ken Denmead,Geek Dad,,,,,,
Ken Kurson,The Green Magazine Guide to Personal Finance,,,,,,
Ken MacLeod,Newton's Wake: A Space Opera,,,,,,
Ken MacLeod,The Cassini Division,y,,y,,,
Ken MacLeod,The Night Sessions,y,,,,,
Ken MacLeod,The Star Fraction,y,,,,,
Ken MacLeod,The Stone Canal,y,,,,,
Kenneth Roman,The King of Madison Avenue,y,business biography,,,,
Kevin Freiberg,Nuts!,y,,,,,
Kevin Kelly,What Technology Wants,,,,,,
Kevin Lee,The Truth About Pay-Per-Click Search Advertising,,,,,,
Kevin Roberts,Sisomo: The Future On Screen,,,,,,
Kim Stanley Robinson,Blue Mars,,,,,,
Kim Stanley Robinson,Green Mars,,,,,,
Kim Stanley Robinson,Red Mars,,,y,,,
Kip Tindell,Uncontainable,,,,,,
Kip Tindell,"Uncontainable: How Passion, Commitment, and Conscious..",,,,,,
Kirk Dando,Predictive Leadership: Avoiding the 12 Critical Mistakes..,,,,,,
Kit Reed,Thinner Than Thou,y,,y,,,
Koushun Takami,Battle Royale,y,,,,,
Kristin Runyan,"Change, Inc.: An Agile Fable of Transformation",,,,,,
Kristine Kathryn Rusch,The Disappeared: A Retrieval Artist Novel,y,,,,,
Kurt Vonnegut,"Breakfast of Champions, or Goodbye Blue Monday",y,,,,,
Kurt Vonnegut,Cat's Cradle: A Novel,,,,,,
Kurt Vonnegut,Hocus Pocus,y,,,,,
Kurt Vonnegut,Man Without a Country,y,,y,,,
Kurt Vonnegut,Player Piano,y,,,,,
Kurt Vonnegut,Slaughterhouse Five,y,,,,,
Kurt Vonnegut,The Sirens of Titan,y,,,,,
Kurt Vonnegut,Timequake,y,,,,,
L. Frank Baum,The Marvelous Land of Oz,y,,,,,
L. Frank Baum,The Wonderful Wizard of Oz,y,,,,,
Larry Seldin,Killer Customers,y,,,,,
Larry Weber,Everywhere,n,,,,,
Larry Weber,The Provocateur,g,,,,,
Larry Winger,"Shut up, stop whining, and get a life (comic)",,,,,,
Laura Fitton,Twitter for Dummies,,,,,,
Le Guin,The Lathe of Heaven,,,,,,
Lee Thayer,How Executives Fail,,,,,,
Leland Harden & Bob Heyman,The Auction App,,,,,,
Lemony Snicket,"The Ominous Omnibus (A Series of Unfortunate Events, Books 1-3)",y,,,,,
Len Lewis,The Trader Joe's Adventure,y,,,,,
Leo Tolstoy,War and Peace,,,,,,
Leonard Lodish,Entrepreneurial Marketing,y,,,,,
Lester Wunderman,Being Direct,y,,,,,
Lewis Green,Lead With Your Heart,y,,,,,
Libby Sartain,Cracking the Culture Code,g,,,,,
Linda Kaplan Thaler,Bang,,,,,,
Linda Kaplan Thaler,Bang: Getting Your Message Heard in a Noisy World,y,marketing,,,,
Linda Kaplan Thaler,"Grit to Great: How Perseverance, Passion, and Pluck Take You..",,,,,,
Linda Kaplan Thaler,The Power of Nice,y,customer love,,,,
Linda Kaplan Thaler,The Power of Small,,,,,,
Linda Richardson,Sales Coaching,,,,,,
Lois Kelley,Beyond Buzz,,,,,,
Lois McMaster Bujold,Captain Vorpatril's Alliance,y,,,,,
Lois McMaster Bujold,Cordelia's Honor—Shards of Honor and Barrayar,y,,,,,
Lois McMaster Bujold,Cryoburn,Y,,,,,
Lois McMaster Bujold,Memory,Y,,,,,
Lois McMaster Bujold,"Miles Errant—The Borders of Infinity, Brothers in Arms, and Mirror Dance",y,,,,,
Lois McMaster Bujold,"Miles in Love—Komarr, A Civil Campaign, and Winterfair Gifts",y,,,,,
Lois McMaster Bujold,"Miles, Mutants and Microbes—Falling Free, Diplomatic Immunity, and Labyrinth",Y,,,,,
Lois McMaster Bujold,"Miles, Mystery, and Mayhem—Cetaganda, Ethan of Athos, and Labyrinth",y,,,,,
Lois McMaster Bujold,"Young Miles—The Warrior's Apprentice, The Mountains of Mourning, and The Vor Game",y,,,,,
Lorell Van Fossen,Blogging Tips,,,,,,
Lucy Kellaway,Who Moved My Blackberry?,y,business humor,,,,
Luke Sullivan,"Hey, Whipple, Squeeze This: A Guide to Creating Great Advertising",y,,,,,
Lynda Resnick,Rubies in the Orchard,y,business biography,,,,
Lynn Upshaw,Building Brand Identity,n,,,,,
Lynne Thorne,Word of Mouth Advertising Online and Off,,,,,,
Mac Anderson,You Can't Send a Duck to Eagle School,,,,,,
Mac Anderson,You Can't Send a Duck to Leader School,,,,,,
Madeline L'Engle,A Swiftly Tilting Planet,y,,,,,
Madeline L'Engle,A Wind in The Door,y,,,,,
Madeline L'Engle,A Wrinkle in Time,y,,,,,
Makr Hurst and Phil Terry,Customers Included,,,,,,
Malcolm Gladwell,Blink,y,,,,,
Malcolm Gladwell,David and Goliath,,,,,,
Malcolm Gladwell,Outliers,y,,,,,
Malcolm Gladwell,Tipping Point,y,wom,,,,
Marc Levinson,The Box,,,,,,
Marc Levinson,The Great A&P and the Struggle for Small Business in America,y,,,,,
Marc Maron,Attempting Normal,d,,,,,
Marc Reisner,Cadillac Desert: The American West and Its Disappearing..,,, ,,,
Marcus Buckingham,"First, Break All the Rules: What the World's Greatest..",,,,,,
Marcus Buckingham,Go Put Your Strengths To Work,,,,,,
"Marian Salzman, Ira Matathia, and Ann O'Reilly",Buzz: Harness the Power of Influence and Create Demand,,,,,,
Marie Kondo,The Life-Changing Magic of Tidying Up: The Japanese Art of..,,,,,,
Mario Salvadori,Why Buildings Fall Down,y,,,,,
Mario Salvadori,Why Buildings Stand Up,y,,,,,
Mark Allen ,Why Romney Lost the 2013 Election,y,,,,,
Mark Hughes,Buzzmarketing,y,wom,,,,
Mark Hurst,Bit Literacy,,,,,,
Mark Kurlansky,Salt: A World History,y,,,,,
Mark Kurlansky ,Cod,y,,,,,
Mark Leyner ,Tooth Imprints on a Corn Dog,,,,,,
Mark Leyner and Billy Goldberg,Why Do Men Have Nipples,y,,,,,
Mark Miller,Chess Not Checkers,,,,,,
Mark Miller,The Secret of Teams,y,,,,,
Mark Ostrofsky,Word of Mouse,n,,,,,
Mark Sanborn,Fred 2.0,,,,,,
Mark Sanborn,The Fred Factor,y,customer love,,,,
Mark Twain,Tom Sawyer,,,,,,
Mark Vamos ,Fast Company's Greatest Hits,,,,,,
Mark Van Osnabrugge and Robert J Robinson,Angel Investing,n,,,,,
Marko Kloos,Angles of Attack (Frontlines Book 3),,,,,,
Marko Kloos,Lines of Departure (Frontlines Book 2),,,,,,
Marko Kloos,Terms of Enlistment (Frontlines Book 1),,,,,,
Marshal Goldsmith,What Got You Here Won't Get You There (comic),,,,,,
Marshall Goldsmith & James Belasco,Leading Authorities on Business,,,,x,,
Marshall Goldsmith & Shane Clester,What Got You Here Won't Get You There (Comic),y,,,,,
Martin Amis,Money,,,,,,
Martin Atkins,Tour Smart,y,entrepreneurship,,,,
Martin Hintz,Jewish Milwaukee,,,,,,
Marty Kagan,Inpsired: How To Create Products Customers Love,,,,,,
Mary Roach,Packing for Mars,,,,,,
Mary Roach ,Bonk,,,,,,
Matt Beaumont,e Squared: A Novel,g,,,,,
Matt Blumberg and Michael Mayor,Sign Me Up!,,,,,,
Matt Ridley,The Rational Optimist,,,,,,
Matthew FitzSimmons,The Short Drop (The Gibson Vaughn Series),,,,,,
Matthew Mather,Cyberstorm,y,,,,,
Matthew Mather,The Complete Atopia Chronicles,y,,,,,
Matthew May,In Pursuit of Elegance,y,,,,,
Matthew Stover,Star Wars: Shatterpoint,y,,,,,
Max Barry,Company,y,business humor,x,,,
Max Barry,Jennifer Government,y,,,,,
Max Barry,Lexicon,y,,,,,
Max Barry,Machine Man,y,,,,,
Max Barry,Syrup,y,business humor,,,,
Max Bazerman,Smart Money Decisions,,,,,,
Max Braverman,The Power of Noticing,,,,,,
Max Brooks,World War Z,y,,,,,
Maz Bazerman,The Power of Noticing,,,,,,
Megan Hustad,How to be Useful,,,,,,
Michael Bishop,No Enemy But Time,y,,,,,
Michael Cafferky,Let Your Customers Do The Talking,,,,,,
Michael Chabon,The Amazing Adventures of Kavalier & Clay,y,,,,,
Michael Chabon,The Yiddish Policeman's Union,,,y,,,
Michael Crichton,Airframe,y,,,,,
Michael Crichton,Andromeda Strain,y,,,,,
Michael Crichton,Congo,y,,,,,
Michael Crichton,Disclosure,y,,,,,
Michael Crichton,Eaters of the Dead,y,,,,,
Michael Crichton,Next,y,,,,,
Michael Crichton,Prey,y,,,,,
Michael Crichton,Rising Sun,y,,,,,
Michael Crichton,Sphere,y,,,,,
Michael Crichton,State of Fear,y,,,,,
Michael Crichton,The Andromeda Strain,,,,,,
Michael Crichton,The Great Train Robbery,y,,,,,
Michael Crichton,The Terminal Man,y,,,,,
Michael Crichton,Timeline,y,,,,,
Michael Gerber,The Emyth Revisited,y,entrepreneurship,,,,
Michael Griego,42 Rules to Increase Sales Effectiveness,,,,,,
Michael Hinshaw and Bruce Kasanoff,Smart Customers Stupid Companies: Why Only Intelligent Companies Will Thrive and How to Be One of Them,,,,,,
Michael K. Simpson,Unlocking Potential: 7 Coaching Skills That Transform..,,,,,,
Michael L. Benedikt ,Cyberspace: First Steps,g,,,,,
Michael Masterson,Changing the Channel,,,,,,
Michael Moorcock,The Cornelius Quartet,y,,,,,
Michael Pollan,In Defense of Food,y,,,,,
Michael Pollan,Omnivore's Dilemna,,food,,,,
Michael Port,Beyond Booked Solid,y,,,,,
Michael Port,The Think Big Manifesto,y,,,,,
Michael Shermer,The Beleiving Brain,y,,,,,
Michael Shermer,Why People Believe Weird Things,y,,,,,
Michael Singer/PLI,Pocket MBA,,,,x,,
Michael Specter,Denialism,,,,,,
Michael Stelzner,Launch,,,,x,,
Michio Kaku,Visions,,,,,,
Mihaly Csikszentmihaly,Flow,y,creativity,,,,
Mike Allen,"Inside the Circus--Romney, Santorum and the GOP Race: Playbook 2012 ",y,,,,,
Mike Allen,Playbook 2012: The Right Fights Back,y,,,,,
Mike Mann,Make Millions and Make Change,,,,,,
Mike Mignola,Hellboy,y,,,,,
Mike Moran,Do It Wrong Quickly,,,,,,
Mike Moran and Bill Hunt,Search Engine Marketing Inc.,,,,,,
Mike Piper,"Surprisingly Simple: Independent Contractor, Sole Proprietor, and LLC Taxes Explained in 100 Pages or Less",y,,,,,
Milan Kundera,Unbearable Lightness of Being,y,,,,,
Milton Parker,How to Feed Friends and Influence People,y,business biography,,,,
Miranda July,No One Belongs Here More Than You,y,,,,,
Mish Slade,Travel Like A Pro: Road-Tested Tips for Digital Nomads and..,,,,,,
Misha Glenny,McMafia,y,,,,,
Nancy Duarte,Resonate,,,,,,
Nancy Duarte,Slidedocs,y,presentations,,,,
Nancy Duarte,Slideology,,presentations,,,,
Nancy Lublin,Zilch,,,,,,
Neal Asher,Africa Zero,y,,y,,,
Neal Asher,Brass Man,y,,,,,
Neal Asher,Cowl,y,,,,,
Neal Asher,Gridlinked,y,,,,,
Neal Asher,Hilldiggers,y,,,,,
Neal Asher,Orbus,,,,,,
Neal Asher,Polity Agent,y,,,,,
Neal Asher,Prador Moon,y,,,,,
Neal Asher,Shadow of the Scorpion,,,,,,
Neal Asher,The Engineer Reconditioned,,,,,,
Neal Asher,The Line of Polity,y,,,,,
Neal Asher,The Line War,y,,,,,
Neal Asher,The Skinner,y,,,,,
Neal Asher,The Technician,y,,,,,
Neal Asher,The Voyage of the Sable Keech,,,,,,
Neal Pollack,Downward-Facing Death,y,,,,,
Neal Pollack,Downward-Facing Death,,,,,,
Neal Pollack,Keep Mars Weird,,,,,,
Neal Pollack,Open Your Heart,,,,,,
Neal Pollack,Open Your Heart (A Matt Bolster Yoga Mystery),,,,,,
Neal Pollack,Open Your Heart (A Matt Bolster Yoga Mystery),y ,,,,,
Neal Pollack,Repeat,,,,,,
Neal Stephenson,Anathem ,y,,,,,
Neal Stephenson,Cryptonomicon,y,,,,,
Neal Stephenson,Quicksilver ,y,,,,,
Neal Stephenson,Reamde,y,,,,,
Neal Stephenson,Seveneves: A Novel,,,,,,
Neal Stephenson,Snow Crash,y,,,,,
Neal Stephenson,The Big U,y,,,,,
Neal Stephenson,The Confusion ,y,,,,,
Neal Stephenson,The Diamond Age: or A Young Lady's Illustrated Prime,y,,,,,
Neal Stephenson,The System of the World,y,,,,,
Neal Stephenson,Zodiac,y,,,,,
Neal Stephenson and Erik Bear,The Mongoliad,,,,,,
Neal Stephenson and Greg Bear,The Mongoliad Book 1,,,,,,
Neal Stephenson and Greg Bear,The Mongoliad: Book One ,y,,,,,
Neal Stephenson and J Frederick George,Cobweb,y,,,,,
Neal Stephenson and J Frederick George,Interface,y,,,,,
Neil Gaiman,American Gods,y,,,,,
Neil Gaiman,Anansi Boys,,,,,,
Neil Gaiman,The Ocean at the End of the Lane: A Novel,y,,,,,
Neil Gaiman  ,Neverwhere,y,,,,,
Neil Gaiman and Terry Pratchett,Good Omens,y,,,,,
Neil Rackham,Spin Selling,,,,,,
Nelson Johnson,Boardwalk Empire,y,,,,,
New Yorker,Top 100 Cartoons,y,,,,,
Nicco Mele,The End of Big,,,,,,
Nicholas Christakis and James Fowler,Connected,,,,,,
Nick Bantock,Griffin & Sabine,y,,,,,
Nick Bantock,Sabine's Notebook,y,,,,,
Nick Bantock,The Golden Mean,y,,,,,
Nick Bantock,The Gryphon,y,,,,,
Nick Cole,CTRL ALT Revolt!,d,,,,,
Nick Hornby,How To Be Good,y,,,,,
Nick Scarpino,Hey Marketers Get Your Priorities Straight,y,,,,,
Nicole Fenton and Katie Kiefer Lee,Nicely Said,,,,,,
Nicolet High School,1985 Yearbook,y,,,,,
Nilofer Merchant,11 Rules for Creating Value in the Social Era,y ,,,,,
Norm Brodsky & Bo Burlingham,The Knack,y,entrepreneurship,,,,
Norman Davies,The History of Europe,,,,,,
Octavia Butler,Adulthood Rites ,y ,,,,,
Octavia Butler,Dawn,y,,,,,
Octavia Butler,Imago,y ,,,,,
Octavia E. Butler,"Seed to Harvest: Wild Seed, Mind of My Mind, Clay's Ark, and..",,,,,,
Oliver Sacks,Island of the Colorblind,,,,,,
Oliver Sacks,Man Who Mistook his Wife for a Hat,y,,,,,
Oliver Sacks,Musicophilia,y,,,,,
Oliver Sacks,The Man Who Mistook His Wife for a Hat,y,,,,,
Orson Scott Card,Ender's Game,y,,,,,
Orson Scott Card,Hart's Hope,,,,,,
Orson Scott Card,Prentice Alvin (vol. 3 of Tales of Alvin Maker),,,,,,
Orson Scott Card,Red Prophet (vol. 2 of Tales of Alvin Maker),,,,,,
Orson Scott Card,Saints,,,,,,
Orson Scott Card,Seventh Son (vol. 1 of Tales of Alvin Maker),,,,,,
Orson Scott Card,Speaker for the Dead,y,,,,,
Orson Scott Card,The Worthing Chronicle,y,,,,,
Orson Scott Card,Xenocide,y,,,,,
"Orson Scott Card, Ed.","Future on Fire (best science fiction of the 1980s, vol. 1, Tor, 90)",,,,,,
"Orson Scott Card, Ed.","Future on Ice (Tor, 98)",,,,,,
Oscar Wilde ,The Picture of Dorian Gray,,,,,,
P.J. O'Rourke,,,,,,,
Paco Underhill ,Why We Buy,,,,,,
Pamel Harper,Preventing Strategic Gridlock,,,,,,
Paolo Bacigalupi,The Water Knife,,,,,,
Paolo Bacigalupi,The Windup Girl,y,,,,,
Pat Cadigan,Mindplayers,y,,,,,
Patrick Lencioni,Death by Meeting: A Leadership Fable...About Solving the..,,,,,,
Patrick Lencioni,Gettng Naked,y,,,,,
Patrick Lencioni,Overcoming the Five Dysfunctions of a Team,,,,,,
Patrick Lencioni,"Silos, Politics, and Turf Wars",,,,,,
Patrick Lencioni,The Advantage: Why Organizational Health Trumps Everything,y,,,,,
Patrick Lencioni,The Five Dysfunctions of a Team,y,,,,,
Patrick Lencioni,The Five Dysfunctions of a Team: Team Assessment,,,,,,
Patrick Lencioni,The Five Temptations of a CEO,y,,,,,
Patrick Lencioni,The Four Obsessions of an Extraordinary Executive,y,management,,,,
Patrick Lencioni,The Three Signs of a Miserable Job,,,,,,
Patrick M. Lencioni,"Silos, Politics and Turf Wars: A Leadership Fable About..",,,,,,
Patrick M. Lencioni,The Ideal Team Player: How to Recognize and Cultivate The..,,,,,,
Paul Beatty,The Sellout: A Novel,,,,,,
Paul Bowles,The Sheltering Sky,,,,,,
Paul Chaney,The Digital Handshake,,,,,,
Paul Cornell,Something More,y,,,,,
Paul Farrell ,The Lazy Person's Guide to Investing,,,,,,
Paul Gillin,Secrets of Social Media Marketing,,,,,,
Paul Gillin and Greg Gianforte,Attack of the Customers,,,,,,
Paul Johnson,A History of Christianity,,,,,,
Paul Johnson,A History of the American People,y,,,,,
Paul Johnson,Modern Times: A History of the World from the 1920s to the 1980s,y,,,,,
Paul Johnson,The History of the Jews,y,,,,,
Paul Neilan,Apathy and other Small Victories,y,,,,,
Pete Blackshaw,"Satisfied Customers Tell 3 Friends, Angry Customers Tell 3,000",,,,,,
Peter Bently,Why Shit Happens,,,,,,
Peter Drucker,Managing the Non-Profit Organization,,,,,,
Peter Drucker,The Daily Drucker,y,,,,,
Peter F. Hamilton,Fallen Dragon,y,,,,,
Peter F. Hamilton,Pandora's Star,g,,,,,
Peter F. Hamilton,The Dreaming Void,y,,,,,
Peter F. Hamilton,The Evolutionary Void,y,,,,,
Peter F. Hamilton,The Great North Road,y,,,,,
Peter F. Hamilton,The Mandel Files,y,,,,,
Peter F. Hamilton,"The Mandel Files, Vol 2",y,,,,,
Peter F. Hamilton,The Naked God,y,,,,,
Peter F. Hamilton,The Neutronium Alchemist,y,,,,,
Peter F. Hamilton,The Reality Disfunction,y,,,,,
Peter F. Hamilton,The Temporal Void,y,,,,,
Peter Mayle,Where Do I Come From,y,,,,,
Peter Merholtz,Subject to Change,,,,,,
Peter Sis,Starry Messenger,y,,,,,
Peter Sis,The Tree of Life,y,,,,,
Phil Dusenberry,Then We Set His Hair On Fire,g,,,,,
Philip Enquist,Pocketful of Watercolors,y,,,,,
Philip K Dick,Selected Stories,y,,,,,
Philip K. Dick,Do Androids Dream of Electric Sheep?,,,,,,
Philip K. Dick,The Man in the High Castle,,,,,,
Philip K. Dick,The Philip K. Dick MEGAPACK ®: 15 Classic Science Fiction..,,,,,,
Philip K. Dick,The Second Philip K. Dick MEGAPACK ®: 13 Fantastic Stories,,,,,,
Philip K. Dick,Ubik,y,,,,,
Philip Roth,The Plot Against America,y,,,,,
Phillip K. Dick,Selected Stories of Philip K. Dick,,,,,,
Piers Anthony,Vicinity Cluster,,,,,,
Plummer,The Online Advertising Playbook,,,,,,
Po Bronson,,,,,,,
Ramaz Naam,Nexus,y,,,,,
Ramez Naam,Apex: Nexus Trilogy Book 3 (Nexus Arc),,,,,,
Ramez Naam,Crux (The Nexus Trilogy Book 2),,,,,,
Randy Browning and Sameer Kumar,To the Max,n,,,,,
Randy Pausch,The Last Lecture,,,,,,
Ray Bradbury,Farenheit 451,,,,,,
Ray Bradbury,,,,,,,
Reader's Digest ,Fight Back and Win,y,,,,,
Reading folder on hard drive,,,,,,,
Reamde,Neal Stephenson,y,,,,,
Rebecca L. Spang,The Invention of the Restaurant: Paris and Modern Gastronomic Culture,,,,,,
Regis McKenna,Real Time,y,,,,,
Rich Kaarlgard,Life 2.0,y,,,,,
Rich Mintzer,The Everything Investing Book,,,,,,
Richard Branson,Losing My Virginity,y,,,,,
Richard Feymann,The Meaning of it All,y,,,,,
Richard Florida ,Who's Your City,n,,,,,
Richard K.  Morgan,Altered Carbon,y,,,,,
Richard K.  Morgan,Broken Angels,y,,,,,
Richard K.  Morgan,Market Forces,y,,,,,
Richard K.  Morgan,The Steel Remains,y,,,,,
Richard K.  Morgan,Thirteen,y,,,,,
Richard K.  Morgan,Woken Furies,y,,,,,
Richard Laermer,Full Frontal PR,,,,,,
Richard Laermer,Punk Marketing,,,,,,
Richard Lambert,Financial Literacy for Managers: Finance and Accounting for Better Decision-Making (Wharton Executive Essentials),,,,,,
Richard Millington,Buzzing Communities,,,,,,
Richard Ownen & Laura Brooks,Answering the Ultimate Question,,,,,,
Richard Paul Russo,Carlucci,y,,,,,
Richard Russo,Straight Man,y,,,,,
Richard Saul Wurman,Information Anxiety,,,,,,
Richard Thieme,A Richard Thieme Reader: Volume 2: Fantastic Stories,,,,,,
Richard Thieme,A Richard Thieme Reader: Volume 3: Collected Fiction,,,,,,
Richard Thieme ,Islands in the Clickstream,y,,,,,
Richard Thieme ,Mind Games,y,,,,,
"Rick Bruner, Leland Harden, and Bob Heyman",NetResults 2.0,y,,,,,
Rick Levine,Cluetrain Manifesto,y,,,,,
Rick Warren,Purpose-Driven Church,y,community,,,,
Rickey Vincent,Funk,,,,,,
Rita Gunther McGrath and Ian MacMillan,The Entrepreneurial Mindset,,,,,,
Roald Dahl,Charlie and the Chocolate Factory,y,,,,,
Roald Dahl,Charlie and The Great Glass Elevator,y,,,,,
Roald Dahl,James and the Giant Peach,y,,,,,
Roald Dahl,The B.F.G.,y,,,,,
Rob Graham,Fishing From a Barrel,y,,,,,
Robbin Phillips,Brains on Fire,y,,,,,
Robbin Phillips,The Passion Conversation,y,,,,,
Robert Caro,Master Of The Senate,y,,,,,
Robert Caro,Means of Ascent,y,,,,,
Robert Caro,The Path to Power,y,,,,,
Robert Caro,The Power Broker,y,,,,,
Robert Charles Wilson,Axis,y,,,,,
Robert Charles Wilson,Spin,y,,,,,
Robert Charles Wilson,Vortex (Spin Book 3),,,,,,
Robert G. Adamson III,Rainhut,y,,,,,
Robert Graves,Claudius the God: And His Wife Messalina,,,,,,
Robert Graves,"I, Claudius: From the Autobiography of Tiberius Claudius",,,,,,
Robert Heinlein,Friday,,,,,,
Robert Heinlein,I Will Fear No Evil,,,,,,
Robert Heinlein,Starship Troopers,y,,,,,
Robert Heinlein,The Cat Who Walks Through Walls,g,,,,,
Robert Heinlein,The Past Through Tomorrow,y,,,,,
Robert Heinlein,The Rolling Stones,g,,,,,
Robert Heinlein,Us For the Living,y,,,,,
Robert Kiyosaki,"Rich Dad, Poor Dad",y,,,,,
Robert Kiyosaki with Sharon Lechter,Cashflow Quadrant,n,,,,,
Robert Kroese,Mercury Falls (Mercury Series Book 1),,,,,,
Robert Kroese,Mercury Revolts: (Book Four of the Mercury Series),,,,,,
Robert Kroese,Mercury Rises (Mercury Series Book 2),,,,,,
Robert Putnam,Better Together,,,,,,
Robert Putnam,Bowling Alone,n,,,,,
Robert Renteria,Mi Barrio (comic),,,,,,
Robert Rose,Managing Content Marketing: The Real-World Guide for Creating Passionate Subscribers to Your Brand,,,,,,
Robert Shea and Robert Anton Wilson,The Illuminatus Trilogy,y,,,,,
Robert Sheckley,The Dimentions of Sheckly,y,,,,,
Robert Sheckley,The Status Civilization,y,,,,,
Robert Sullivan,Rats,,,,,,
Robert Wolcott,Grow From Within,,,,,,
Roberth Newirth,Stealth of Nations,,,,,,
Robery Engelman,"That Was Zen, This Is Wow",,,,,,
Rodd Wagner,12: The Elements of Great Managing,y,,,,,
Roger Fisher and William Ury,Getting To Yes,,,,,,
Rohit Bhargava,"Non-Obvious: How to Think Different, Curate Ideas & Predict..",,,,,,
Rohit Bhargava,Personality Not Included,y,,,,,
Ron Chernow,Alexander Hamilton,y,biography,,,,
Ron Chernow,The House of Morgan: An American Banking Dynasty and the..,,,,,,
Roy Williams,The Wizards of Ads,,,,,,
Rudy Rucker,The Hacker and the Ants,y,,,,,
Ryu Murakami,Almost Transparent Blue,y,,,,,
Ryu Murakami,Coin Locker Babies,y,,,,,
Ryu Murakami,Piercing,y,,,,,
Salman Khan,The One World Schoolhouse,,,,,,
Sam Decker,How to Market With Computer User Groups,y,,,,,
Sam Harris,The Moral Landscape,,,,,,
Sam Lipsyte,The Ask,,,,,,
Sam Lipsythe,Home Land,y,,,,,
Sam Parker and Mac Anderson,212 -  The Extra Degree,y,entrepreneurship,,,,
Sam Parket and Jim Gould,SalesTough,,,,,,
Sam Patterson,Bitcoin Beginner,,,,,,
Sam Walton,Sam Walton: Made In America ,y,,,,,
Samuel Delany,Dhalgren,y,,,,,
Samuel Delany,The Fall of the Towers,,,,,,
Samuel R Delaney,Dahlgren,y,,,,,
Samuel R Delaney,The Fall of the Towers,y,,,,,
Sandy Carter,The New Language of Marketing 2.0,,,,,,
Sarah Silverman,The Bedwetter,y,,,,,
Sarah Vowell,Assassination Vacation,g,,,,,
Scott Adams,All Dressed Down and Nowhere to Go,y,,,,,
Scott Adams,God's Debris,y,,,,,
Scott Adams,When Body Language Goes Bad,y,,,,,
Scott Ambler,Agile for Dummies,,,,,,
Scott Belsky,Making Ideas Happen,y,Productivity,,,,
Scott Ginsberg,Get them to come to you,y,,,,,
Scott Ginsberg,"Hello, My Name is Scott",y,entrepreneurship,,,,
Scott Ginsberg,How To Be That Guy,y,,,,,
Scott Ginsberg,Make a Name For Yourself,y,,,,,
Scott Ginsberg,Stick yourself out there,y,,,,,
Scott Ginsberg,The Approachable Frontline,,,,,,
Scott Ginsberg,The Approachable Manager,,,,,,
Scott Ginsberg,The Approachable Salesperson,,,,,,
Scott Ginsberg,The Power of Approachability,y,,,,,
Scott McCloud,Understanding Comics,y,,,,,
Scott Rosenberg,Say Everything,,,,,,
Sean D'Souza,The Secret Life of Testimonials,y,,,,,
Sean D'Souza,,,,,,,
Sean Moffitt,Wiki Brands,,,,x,,
Sean Steward,Star Wars: Dark Rendezvous,y,,,,,
Selma Lewis,A Biblical People in the Bible Belt,,,,,,
Seth Godin,All Marketers Are Liars,y,,,,,
Seth Godin,Bootstrappers Bible,y,entrepreneurship,,,,
Seth Godin,Free Prize Inside,y,,,,,
Seth Godin,Graceful,,,,,,
Seth Godin,Linchpin,y,hr,,,,
Seth Godin,Meatball Sundae,y,social media,,,,
Seth Godin,Permission Marketing,y,marketing,,,,
Seth Godin,Poke the Box,y,,,,,
Seth Godin,Purple Cow,y,wom,,,,
Seth Godin,Small is the New Big,,,,,,
Seth Godin,Survival is not Enough,y,,,,,
Seth Godin,The Big Moo,y,,,,,
Seth Godin,The Big Red Fez,y,presentations,,,,
Seth Godin,The Dip,y,,,,,
Seth Godin,Tribes,y,community,,,,
Seth Godin,Unleashing the Ideavirus,y,wom,,,,
Seth Godin,We are all Weird,,,,,,
Seth Godin,What To Do When It's Your Turn,,,,,,
Shalom Auslander,Hope: A Tragedy,y,,,,,
Shama Kabani,"The Zen of Social Media Marketing: An Easier Way to Build Credibility, Generate Buzz, and Increase Revenue",,,,,,
Shashi Tharoor,"The Elephant, The Tiger, and the Cell Phone",,,,,,
Shawn Gold,Guide to Laughing at Family,y,,,,,
Sheri Jacobs,199 Powerful Marketing Tactics,y,,,,,
Sheri Jacobs,Powerful Marketing Tactics that Sell,y,marketing,,,,
Sheri Jacobs,The Art of Membership,,,,,,
Sheyl Sandberg,"Lean In: Women, Work, and the Will to Lead",,,,,,
"Sidney Davidson, Clyde Stickney and Roman Weil",Financial Accounting,y,,,,,
Simon Garfield,Just My Type,,,,,,
Simon Sinek,Leaders Eat Last,,,,,,
Simon Sinek,Start with Why: How Great Leaders Inspire Everyone to Take..,,,,,,
Spencer Johnson,The One Minute Father,,,,,,
Spencer Johnson,The One Minute Mother,,,,,,
Stan Cornyn,Exploding,y,,,,,
Stan Davis and Christopher Meyer,Blur: The Speed of Change in the Connected Economy,n,,,,,
Stanislaw Lem,Imaginary Magnitude,y,,,,,
Stanislaw Lem,Tales of Pirx the Pilot,dropped,,,,,
Stanley Bing,Sun Tzu was a Sissy,y,business humor,,,,
Stephanie Diamon,Web Marketing For Small Businesses,,,,,,
Stephen Baxter,Evolution,y,,,,,
Stephen Baxter,Manifold Space,y,,,,,
Stephen Baxter,Manifold Time,y,,,,,
Stephen Baxter,Xeelee,y,,,,,
Stephen Covery,The 7 Habits of Highly Effective People,,,,,,
Stephen Hawking,A Brief History of Time,,,,,,
Stephen M.R. Covey,Smart Trust,,,,,,
Stephen MR Covey,The Speed of Trust,y,WOM,,,,
"Stephen R. Covey, et all",Speaking of Success,,,,,,
Stephen Zades and Jane Stephens,Mad Dogs Dreamers and Sages,,,,,,
Steve Farber,Radical Edge,y,,,,,
Steve Farber,Radical Leap,y,entrepreneurship,,,,
Steve Farber,The Radical Leap Re-Energized,y,,,,,
Steve Jobs,Walter Isaacson,y,,,,,
Steve Krug,Don't Make Me Think,y,web design,,,,
Steve Perry,Star Wars: Shadows of the Empire,y,,,,,
Steve Pressfield,Do The Work,,,,,,
Steven Campbell,Hard Luck Hank: Basketful of Crap,,,,,,
Steven Campbell,Hard Luck Hank: Screw the Galaxy,,,,,,
Steven Covey,The Seven Habits of Highly Effective People,,,,,,
Steven D. Levitt and Stephen J. Dubner,Freakonimics,y,behavioral economics,,,,
Steven Johnson,Emergence,,,,,,
Steven Johnson,Where Good Things Come From,,,,,,
Steven Levy,In The Plex,y,,,,,
Steven Levy,The Perfect Thing,y,business biography,,,,
Steven Little,The Milkshake Moment,y,,,,,
Steven Pinker,Language Instinct,y,,,,,
Stewart Friedman,Total Leadershp,,,,,,
Stieg Larsson,The Girl Who Played with Fire,y,,,,,
Stieg Larsson,The Girl With The Dragon Tattoo,y,,,,,
Stieg Larsson,The Girls Who Kicked the Hornet's Nest,y,,,,,
Strunk and White,Elements of Style,y,,,,,
Stuart Brand,How Buildings Learn,y,,,,,
Stuart Brand,Whole Earth Discipline,y,pragmatic politics,,,,
Sue Ellen Cooper,The Red Hat Society,y,community,,,,
Sun Tzu,The Art of War (comic),,,,,,
Susan Cain,Quiet: The Power of Introverts,,,,,,
Susanna Clarke,Jonathan Strange & Mr. Norrell,y,,,,,
Susanna Gardner,Buzz Marketing With Blogs for Dummies,,,,x,,
"Sutton, Robert I., Rao, Huggy",Scaling Up Excellence: Getting to More Without Settling for Less,y,,,,,
Suzanne Collins,Catching Fire,y,,,,,
Suzanne Collins,Catching Fire,y,,,,,
Suzanne Collins,Hunger Games,y,,,,,
Suzanne Collins,Hunger Games,y,,,,,
Suzanne Collins,Mockingjay,y,,,,,
Suzanne Collins,Mockingjay,y,,,,,
Suzanne Collins,The Hunger Games,y,,,,,
T. Coraghessan Boyle,A Friend of the Earth (2000),y,,,,,
T. Coraghessan Boyle,Budding Prospects (1984),y,,,,,
T. Coraghessan Boyle,Drop City,y,,,,,
T. Coraghessan Boyle,East Is East (1990),,,,,,
T. Coraghessan Boyle,Riven Rock (1998),y,,,,,
T. Coraghessan Boyle,Talk Talk (2006),,,,,,
T. Coraghessan Boyle,The Inner Circle,y,,,,,
T. Coraghessan Boyle,The Road to Wellville (1993),y,,,,,
T. Coraghessan Boyle,The Tortilla Curtain (1995),y,,,,,
T. Coraghessan Boyle,The Women (2009),,,,,,
T. Coraghessan Boyle,Water Music (1982),,,,,,
T. Coraghessan Boyle,World's End (1987),y,,,,,
T.C. Boyle,The Inner Circle,y,,,,,
Ted Nordhaus,Break Through: From the Death of Environmentalism to the Politics of Possibility,y,pragmatic politics,,,,
Tere Tereba,Michey Cohen,y,,,,,
The Disney Institute,Be Our Guest: Revised and Updated Edition: Perfecting the..,y,,,,,
Theodore Sturgeon,More than Human,y,,,,,
Theordore Roosevelt,Quotations of Theodore Roosevelt,,,,,,
Thich Nhat Hanh,The Art of Communicating,,,,,,
Thomas Mann,Magic Mountain,y,,,,,
Thor Muller & Lane Becker,Get Lucky,,,,,,
Tim Brown,Change by Design,,,,,,
Tim LaHaye and Jerry B. Jenkins,Left Behind: A Novel of the Earth's Last Days,y,,,,,
Tim LaHaye and Jerry B. Jenkins,Nicolae: The Rise of Antichrist,y,,,,,
Tim LaHaye and Jerry B. Jenkins,Tribulation Force: The Continuing Drama of Those Left Behind,y,,,,,
Tim Sanders,Love is the Killer App,y,customer love,,,,
Timothy Ferriss,The 4-Hour Work Week,y,productivity,,,,
Timothy L Johnson,"Gust: The ""Tale"" Wind of Office Politics",y,,,,,
Tina Fey,Bossypants,y,,,,,
Tom Bissell,Chasing The Sea,n,,,,,
Tom Hayes and Michael Malone,No Size Fits All,y,,,x,,
Tom Hopkins,How to Master the Art of Selling (comic),,,,,,
Tom Kelley,Ten Faces of Innovation,y,,,,,
Tom Peters,The Pursuit of WOW!,y,customer love,,,,
Tom Rath,Strengthsfinder,y,,,,,
Tom Robbins,Another Roadside Attraction,y,,,,,
Tom Robbins,B Is for Beer,y,,,,,
Tom Robbins,Even Cowgirls Get the Blues,y,,,,,
Tom Robbins,Fierce Invalids Home from Hot Climates,y,,,,,
Tom Robbins,Half Asleep in Frog Pajamas,y,,,,,
Tom Robbins,Jitterbug Perfume,y,,,,,
Tom Robbins,Skinny Legs and All,,,,,,
Tom Robbins,Still Life with Woodpecker,y,,,,,
Tom Robbins,Villa Incognito,y,,,,,
Tom Robbins,Wild Ducks Flying Backward ,,,,,,
Tom Wolfe,Electric Kool Aid Acid Test,y,,,,,
Tony Hsieh,Delivering Happiness,y,corporate culture,,,,
Tony Schwartz,The Way We're Working isn't Working,y,,,,,
Travis Bradberry,Emotional Intelligence 2.0,,,,,,
Tsuift,Step into the spotlight,,,,,,
Umberto Eco,Baudolino,g,,,,,
Umberto Eco,Foucault's Pendulum,y,,,,,
Umberto Eco,The Island of the Day Before,g,,,,,
Umberto Eco,The Name of the Rose,y,,,,,
Ursula K. LeGuin,The Left Hand of Darkness,y,,,,,
US Web and Rick E Bruner,Net Results: Web Marketing that Works,n,,,,,
Vanessa Hall,The Truth About Trust In Business,,,,,,
Verne Harnish,Scaling Up: How a Few Companies Make It...and Why the Rest..,y,,,,,
Vernor Vinge,A Deepness in the Sky,y,,,,,
Vernor Vinge,A Fire Upon the Deep,y,,,,,
Vernor Vinge,Rainbows End,y,,,,,
Veronica Roth,Allegiant,,,,,,
Veronica Roth,Divergent,,,,,,
Veronica Roth,Insurgent,,,,,,
Victoria Jamieson,Roller Girl,y,,,,,
Viktor Frankl,Man's Search for Meaning,,,,,,
Vladamir Nabokov,Lolita,y,,,,,
Walter Kirn,Mission to America,y,,,,,
Walter Kirn,The Unbinding,y,,,,,
Walter Kirn,Thumbsucker,y,,,,,
Walter Kirn,Up In The Air,y,,,,,
Walter Mosley,Devil in a Blue Dress,y,,,,,
Walter Mosley,Fear of the Dark,y,,,,,
Walter Mosley,Fearless Jones,y,,,,,
Walter Mosley,Six Easy Pieces,y,,,,,
Walter Mosley,The Water,y,,,,,
Walter Mosley,The Wave,y,,,,,
Warren Ellis,Crooked Little Vein,,,,,,
Warren Ellis,ELEKTROGRAD: RUSTED BLOOD,,,,,,
Warren Ellis,Gun Machine,,,,,,
Warren Ellis,Planetary (2010-) #1,,,,,,
Warren Ellis,Transmetropolitan,,,,,,
Warren Ellis,Trees,,,,,,
Washington Irving,Tales from the Alhambra,g,,,,,
Wendy Lea,Customer Communities for Dummies,,,,,,
Wendy Lea,Customer-Communities-for-Dummies,,,,,,
Wendy McClure,The Amazing Mackerel Pudding Plan,y,humor,,,,
Wendy Northcutt,The Darwin Awards,y,,,,,
Wesley Chu,The Deaths of Tao (Lives of Tao Book 2),,,,,,
Wesley Chu,The Lives of Tao,,,,,,
Wesley Chu,The Lives of Tao,,,,,,
Wesley Chu,The Rebirths of Tao: Tao Series Book Three (Lives of Tao 3),,,,,,
Wesley Chu,Time Salvager,,,,,,
Will Ferguson,Happiness,y,humor,,,,
Willam Shakespeare,Macbeth,y,,,,,
"William ""Slick"" Hannner",Thief,y,,,,,
William B Laughead,Paul Bunyan,y,,,,,
William B. Laughead,The Marvelous Exploits of Paul Bunyan,,,,,,
William Gibson,All Tomorrow's Parties,y,,,,,
William Gibson,Burning Chrome,y,,,,,
William Gibson,Count Zero,y,,,,,
William Gibson,Idoru,y,,,,,
William Gibson,Mona Lisa Overdrive,y,,,,,
William Gibson,Neuromancer,y,,,,,
William Gibson,Pattern Recognition,y,,,,,
William Gibson,Spook Country,y,,,,,
William Gibson,The Peripheral,,,,,,
William Gibson,Virtual Light,y,,,,,
William Gibson,Zero History,y,,,,,
William Gibson ,Neuromancer,y,,,,,
William Gibson & Bruce Sterling,The Difference Engine,y,,,,,
Wired,Style Guide,n,,,,,
Wolfgang Hohlbein,Children of Magic Moon,y,,,,,
Wolfgang Hohlbein,Magic Moon,y,,,,,
WOMMA,Measuring Word of Mouth,y,,,,,
Yoram (Jerry) Wind & Colin Cook,The Power of Impossible Thinking,n,,,,,
"Yoram (Jerry) Wind, Vijay Mahajan, and Robert E Gunther",Convergence Marketing,n,,,y,,
Zappos.com,Culture Book,,,,,,
Zig Ziglar,Secrets of Closing The Sale,,,,,,
,eBay Community Cookbook,,,,,,
,The Book of Lists,y,,,,,
,The Great Book of Business Secrets,n,,,,,
,We Were There: The WWII Milwakee Jewish Experience,,,,,,
Alan Moore and Dave Gibbons,Watchmen,,,,,,
Wendy Moe & David Schweidel,Social Media Intelligence,,,,,,
Justin Foster,Oatmeal vs. Bacon,,,,,,
Chris Goward,You Should Test That,,,,,,
Steve Werner,The Titan,,,,,,
Ian Greenleigh,The Social Side Door,,,,,,
Matt Blumberg,Startup CEO,,,,,,
Gary Vaynerchunk,"Jab, Jab, Jab Right Hook",,,,,,
Michael Silverman,Capturing Community,,,,,,
Robert Cialdini,Influence,,,,,,
Jessica Hagy,How to be Interesting,,,,,,
Peter Fader,Customer Centricity,,,,,,
Sam Parker,Smile & Move,,,,,,